,Query,Score,Classification Match,Manual Classification,Interaction,Discipline,Issue,Agent Name
0,I want to customise notebook But I can’t able to upload the pic Can u plz help me,22.0,0,Query,Query,"[Classification<prediction: ""Brand"", confidence: 0.28400135, labels: {'Brand': LabelPrediction(confidence=0.28400135), 'People': LabelPrediction(confidence=0.091746025), 'Pricing': LabelPrediction(confidence=0.044821817), 'Product_Availability': LabelPrediction(confidence=0.07340957), 'Product_Foreign Body': LabelPrediction(confidence=0.02268082), 'Product_Generic': LabelPrediction(confidence=0.013751861), 'Product_Infestation': LabelPrediction(confidence=0.02277671), 'Product_Ingridients': LabelPrediction(confidence=0.07026659), 'Product_Packging': LabelPrediction(confidence=0.02231911), 'Product_Quality': LabelPrediction(confidence=0.015116258), 'Product_Sensory': LabelPrediction(confidence=0.019774407), 'Promotion': LabelPrediction(confidence=0.069562994), 'Service': LabelPrediction(confidence=0.2497725)}>]",Collaboration With ITC,Jose
1,"We need 500 to 1,000 note book..with front page photo..how much is total price ?",44.0,0,Query,Query,"[Classification<prediction: ""Pricing"", confidence: 0.5628451, labels: {'Brand': LabelPrediction(confidence=0.044900127), 'People': LabelPrediction(confidence=0.042754527), 'Pricing': LabelPrediction(confidence=0.5628451), 'Product_Availability': LabelPrediction(confidence=0.032590978), 'Product_Foreign Body': LabelPrediction(confidence=0.023118434), 'Product_Generic': LabelPrediction(confidence=0.0315995), 'Product_Infestation': LabelPrediction(confidence=0.027108474), 'Product_Ingridients': LabelPrediction(confidence=0.037276365), 'Product_Packging': LabelPrediction(confidence=0.021957517), 'Product_Quality': LabelPrediction(confidence=0.022585226), 'Product_Sensory': LabelPrediction(confidence=0.02509207), 'Promotion': LabelPrediction(confidence=0.07042362), 'Service': LabelPrediction(confidence=0.05774805)}>]",Price,Vijay
2,"Greetings @Creativefuel.io is ecstatic in reaching out to you and discussing an interesting marketing strategy that will enhance your brand credibility and accelerate the growth.  @Creativefuel.io is a leading agency driven by Influencer Marketing and meme marketing .  We have a combined network of 500M+ followers over Facebook, Instagram and LinkedIn, and over 2K influencers on board with us.  Looking forward to hearing from you.  Connect us on: Contact- 8461992259 Email - preeti@creativefuel.io",22.0,1,Query,Collaboration,"[Classification<prediction: ""Brand"", confidence: 0.5565977, labels: {'Brand': LabelPrediction(confidence=0.5565977), 'People': LabelPrediction(confidence=0.039813343), 'Pricing': LabelPrediction(confidence=0.035098664), 'Product_Availability': LabelPrediction(confidence=0.028586734), 'Product_Foreign Body': LabelPrediction(confidence=0.030742725), 'Product_Generic': LabelPrediction(confidence=0.016160788), 'Product_Infestation': LabelPrediction(confidence=0.03233369), 'Product_Ingridients': LabelPrediction(confidence=0.053713683), 'Product_Packging': LabelPrediction(confidence=0.017775988), 'Product_Quality': LabelPrediction(confidence=0.022878995), 'Product_Sensory': LabelPrediction(confidence=0.02834916), 'Promotion': LabelPrediction(confidence=0.054680984), 'Service': LabelPrediction(confidence=0.08326754)}>]",Collaboration With ITC,Rustom
3,Customer is looking for the distributorship,2.0,0,Query,Query,"[Classification<prediction: ""People"", confidence: 0.43762434, labels: {'Brand': LabelPrediction(confidence=0.04957545), 'People': LabelPrediction(confidence=0.43762434), 'Pricing': LabelPrediction(confidence=0.04525206), 'Product_Availability': LabelPrediction(confidence=0.07202903), 'Product_Foreign Body': LabelPrediction(confidence=0.020966321), 'Product_Generic': LabelPrediction(confidence=0.027886448), 'Product_Infestation': LabelPrediction(confidence=0.03221414), 'Product_Ingridients': LabelPrediction(confidence=0.031106832), 'Product_Packging': LabelPrediction(confidence=0.039528094), 'Product_Quality': LabelPrediction(confidence=0.02570754), 'Product_Sensory': LabelPrediction(confidence=0.027724806), 'Promotion': LabelPrediction(confidence=0.07483004), 'Service': LabelPrediction(confidence=0.1155549)}>]",New Distributorship Request W / O Details,Vijay
4,Every time i want to order photos can't be uploaded.,73.0,0,Query,Query,"[Classification<prediction: ""Service"", confidence: 0.27615148, labels: {'Brand': LabelPrediction(confidence=0.109423116), 'People': LabelPrediction(confidence=0.24283229), 'Pricing': LabelPrediction(confidence=0.03410378), 'Product_Availability': LabelPrediction(confidence=0.11827187), 'Product_Foreign Body': LabelPrediction(confidence=0.020041963), 'Product_Generic': LabelPrediction(confidence=0.015767613), 'Product_Infestation': LabelPrediction(confidence=0.024480997), 'Product_Ingridients': LabelPrediction(confidence=0.03716081), 'Product_Packging': LabelPrediction(confidence=0.033013873), 'Product_Quality': LabelPrediction(confidence=0.014922336), 'Product_Sensory': LabelPrediction(confidence=0.017174529), 'Promotion': LabelPrediction(confidence=0.056655347), 'Service': LabelPrediction(confidence=0.27615148)}>]",Unavailablity / Shortage,Anthony
5,I got a call regarding distributorship in my city. I am here to confirm the genuineness of the call and is there any place vacant for this business. Please revert soon.,2.0,0,Query,Query,"[Classification<prediction: ""People"", confidence: 0.44248205, labels: {'Brand': LabelPrediction(confidence=0.049656827), 'People': LabelPrediction(confidence=0.44248205), 'Pricing': LabelPrediction(confidence=0.040766846), 'Product_Availability': LabelPrediction(confidence=0.07165332), 'Product_Foreign Body': LabelPrediction(confidence=0.021470444), 'Product_Generic': LabelPrediction(confidence=0.029169789), 'Product_Infestation': LabelPrediction(confidence=0.032401703), 'Product_Ingridients': LabelPrediction(confidence=0.0301343), 'Product_Packging': LabelPrediction(confidence=0.042103384), 'Product_Quality': LabelPrediction(confidence=0.026649442), 'Product_Sensory': LabelPrediction(confidence=0.02828241), 'Promotion': LabelPrediction(confidence=0.07261745), 'Service': LabelPrediction(confidence=0.11261204)}>]",New Distributorship Request W / O Details,Akbar
6,Wholesale account,23.0,0,Query,Query,"[Classification<prediction: ""Service"", confidence: 0.28423804, labels: {'Brand': LabelPrediction(confidence=0.16778424), 'People': LabelPrediction(confidence=0.21646467), 'Pricing': LabelPrediction(confidence=0.05587817), 'Product_Availability': LabelPrediction(confidence=0.053511277), 'Product_Foreign Body': LabelPrediction(confidence=0.019641683), 'Product_Generic': LabelPrediction(confidence=0.016222129), 'Product_Infestation': LabelPrediction(confidence=0.020924704), 'Product_Ingridients': LabelPrediction(confidence=0.0377676), 'Product_Packging': LabelPrediction(confidence=0.021817716), 'Product_Quality': LabelPrediction(confidence=0.013956203), 'Product_Sensory': LabelPrediction(confidence=0.016739193), 'Promotion': LabelPrediction(confidence=0.07505436), 'Service': LabelPrediction(confidence=0.28423804)}>]",Collaboration With ITC,Akbar
7,Hello. I am from Manipal university jaipur. This November we are having TEDex program in our university. Wanted to know the procedure for sponsorship.,22.0,0,Query,Query,"[Classification<prediction: ""Brand"", confidence: 0.3456774, labels: {'Brand': LabelPrediction(confidence=0.3456774), 'People': LabelPrediction(confidence=0.056330245), 'Pricing': LabelPrediction(confidence=0.060408194), 'Product_Availability': LabelPrediction(confidence=0.028547142), 'Product_Foreign Body': LabelPrediction(confidence=0.031951766), 'Product_Generic': LabelPrediction(confidence=0.021954909), 'Product_Infestation': LabelPrediction(confidence=0.036987793), 'Product_Ingridients': LabelPrediction(confidence=0.067798436), 'Product_Packging': LabelPrediction(confidence=0.024025181), 'Product_Quality': LabelPrediction(confidence=0.024965597), 'Product_Sensory': LabelPrediction(confidence=0.029515682), 'Promotion': LabelPrediction(confidence=0.19981365), 'Service': LabelPrediction(confidence=0.072024)}>]",Collaboration With ITC,Vikram
8,@ITCHotels BATCH 2006b17 - CASHEW AND ALMOND BISCUIT THE WORST BISCUITS I HAVE TASTED IN ALL MY LIFE YOU ARE FIT TO ONLY MAKE CIGARETTES AND SPOIL INDIANS AND INDIA WORST BRAND. WORST BISCUITS. WORST HOSPITALITY. ASK YOUR CEO Sanjiv Puri TO TASTE THOSE LOUSY BISCUITS IN A LIVE TV INTERVIEW,58.0,0,Complaint,Complaint,"[Classification<prediction: ""Product_Quality"", confidence: 0.37348154, labels: {'Brand': LabelPrediction(confidence=0.01607314), 'People': LabelPrediction(confidence=0.020555658), 'Pricing': LabelPrediction(confidence=0.022511832), 'Product_Availability': LabelPrediction(confidence=0.022097452), 'Product_Foreign Body': LabelPrediction(confidence=0.03126993), 'Product_Generic': LabelPrediction(confidence=0.108406976), 'Product_Infestation': LabelPrediction(confidence=0.024018427), 'Product_Ingridients': LabelPrediction(confidence=0.028909396), 'Product_Packging': LabelPrediction(confidence=0.04814604), 'Product_Quality': LabelPrediction(confidence=0.37348154), 'Product_Sensory': LabelPrediction(confidence=0.27178067), 'Promotion': LabelPrediction(confidence=0.01872621), 'Service': LabelPrediction(confidence=0.014022751)}>]",Taste / Flavour,Vikram
9,Can I have a dairy with my customised photo printed on its cover page??,23.0,0,Query,Query,"[Classification<prediction: ""Service"", confidence: 0.33131692, labels: {'Brand': LabelPrediction(confidence=0.20937125), 'People': LabelPrediction(confidence=0.12535411), 'Pricing': LabelPrediction(confidence=0.0466867), 'Product_Availability': LabelPrediction(confidence=0.06912211), 'Product_Foreign Body': LabelPrediction(confidence=0.025737438), 'Product_Generic': LabelPrediction(confidence=0.015284655), 'Product_Infestation': LabelPrediction(confidence=0.02509366), 'Product_Ingridients': LabelPrediction(confidence=0.04461019), 'Product_Packging': LabelPrediction(confidence=0.020982925), 'Product_Quality': LabelPrediction(confidence=0.015999679), 'Product_Sensory': LabelPrediction(confidence=0.019546747), 'Promotion': LabelPrediction(confidence=0.050893605), 'Service': LabelPrediction(confidence=0.33131692)}>]",Collaboration With ITC,Rustom
10,Request for quote,23.0,0,Query,Query,"[Classification<prediction: ""Service"", confidence: 0.3219727, labels: {'Brand': LabelPrediction(confidence=0.18200946), 'People': LabelPrediction(confidence=0.13244271), 'Pricing': LabelPrediction(confidence=0.06911851), 'Product_Availability': LabelPrediction(confidence=0.061461326), 'Product_Foreign Body': LabelPrediction(confidence=0.02486516), 'Product_Generic': LabelPrediction(confidence=0.017445875), 'Product_Infestation': LabelPrediction(confidence=0.025078392), 'Product_Ingridients': LabelPrediction(confidence=0.045826573), 'Product_Packging': LabelPrediction(confidence=0.02287995), 'Product_Quality': LabelPrediction(confidence=0.015591465), 'Product_Sensory': LabelPrediction(confidence=0.018966574), 'Promotion': LabelPrediction(confidence=0.062341318), 'Service': LabelPrediction(confidence=0.3219727)}>]",Collaboration With ITC,Akbar
11,Hello. I am from Manipal university jaipur. This November we are having TEDex program in our university. Wanted to know the procedure for sponsorship.,22.0,0,Query,Query,"[Classification<prediction: ""Brand"", confidence: 0.3456774, labels: {'Brand': LabelPrediction(confidence=0.3456774), 'People': LabelPrediction(confidence=0.056330245), 'Pricing': LabelPrediction(confidence=0.060408194), 'Product_Availability': LabelPrediction(confidence=0.028547142), 'Product_Foreign Body': LabelPrediction(confidence=0.031951766), 'Product_Generic': LabelPrediction(confidence=0.021954909), 'Product_Infestation': LabelPrediction(confidence=0.036987793), 'Product_Ingridients': LabelPrediction(confidence=0.067798436), 'Product_Packging': LabelPrediction(confidence=0.024025181), 'Product_Quality': LabelPrediction(confidence=0.024965597), 'Product_Sensory': LabelPrediction(confidence=0.029515682), 'Promotion': LabelPrediction(confidence=0.19981365), 'Service': LabelPrediction(confidence=0.072024)}>]",Collaboration With ITC,Vijay
12,please call me 9603777767,3.0,0,Query,Query,"[Classification<prediction: ""Service"", confidence: 0.3246001, labels: {'Brand': LabelPrediction(confidence=0.19667219), 'People': LabelPrediction(confidence=0.15545662), 'Pricing': LabelPrediction(confidence=0.047132984), 'Product_Availability': LabelPrediction(confidence=0.060187034), 'Product_Foreign Body': LabelPrediction(confidence=0.023186186), 'Product_Generic': LabelPrediction(confidence=0.015194927), 'Product_Infestation': LabelPrediction(confidence=0.023977617), 'Product_Ingridients': LabelPrediction(confidence=0.04030629), 'Product_Packging': LabelPrediction(confidence=0.020415729), 'Product_Quality': LabelPrediction(confidence=0.015049427), 'Product_Sensory': LabelPrediction(confidence=0.018349662), 'Promotion': LabelPrediction(confidence=0.05947125), 'Service': LabelPrediction(confidence=0.3246001)}>]",Distributor not Supplying on time,Anthony
13,"Dear sir,  I bought a 10+1 kg pack of Aasirvad from the market yesterday, when I opened it, it came out with eczema. I am sorry that it would come so expensive and this condition.  I am shocked. Please resolve my problem.  Regards Gurupreet kuar Bagthala, kishangarh alwar  Rajasthan 301405 9783890987",74.0,0,Complaint,Complaint,"[Classification<prediction: ""Pricing"", confidence: 0.5573974, labels: {'Brand': LabelPrediction(confidence=0.04519714), 'People': LabelPrediction(confidence=0.039202444), 'Pricing': LabelPrediction(confidence=0.5573974), 'Product_Availability': LabelPrediction(confidence=0.03231237), 'Product_Foreign Body': LabelPrediction(confidence=0.024515295), 'Product_Generic': LabelPrediction(confidence=0.0351321), 'Product_Infestation': LabelPrediction(confidence=0.029512951), 'Product_Ingridients': LabelPrediction(confidence=0.038103953), 'Product_Packging': LabelPrediction(confidence=0.022096056), 'Product_Quality': LabelPrediction(confidence=0.027425075), 'Product_Sensory': LabelPrediction(confidence=0.03026993), 'Promotion': LabelPrediction(confidence=0.06607466), 'Service': LabelPrediction(confidence=0.052760597)}>]",Unusual Smell,Vijay
14,How can you cancel my order??,43.0,0,Query,Query,"[Classification<prediction: ""Service"", confidence: 0.32804096, labels: {'Brand': LabelPrediction(confidence=0.15008079), 'People': LabelPrediction(confidence=0.19229363), 'Pricing': LabelPrediction(confidence=0.0511875), 'Product_Availability': LabelPrediction(confidence=0.06742068), 'Product_Foreign Body': LabelPrediction(confidence=0.020531835), 'Product_Generic': LabelPrediction(confidence=0.0150331175), 'Product_Infestation': LabelPrediction(confidence=0.022224938), 'Product_Ingridients': LabelPrediction(confidence=0.037612423), 'Product_Packging': LabelPrediction(confidence=0.020875886), 'Product_Quality': LabelPrediction(confidence=0.013907136), 'Product_Sensory': LabelPrediction(confidence=0.01698616), 'Promotion': LabelPrediction(confidence=0.06380496), 'Service': LabelPrediction(confidence=0.32804096)}>]",Promo: Customer Enquiring On Promo Result / Query,Anthony
15,Costly hai is sai acha ek achi dairy lo us per apni photo print karwa lo sasta padega,44.0,1,Feedback,Query,"[Classification<prediction: ""Pricing"", confidence: 0.5642311, labels: {'Brand': LabelPrediction(confidence=0.03980779), 'People': LabelPrediction(confidence=0.036086697), 'Pricing': LabelPrediction(confidence=0.5642311), 'Product_Availability': LabelPrediction(confidence=0.030893128), 'Product_Foreign Body': LabelPrediction(confidence=0.024130294), 'Product_Generic': LabelPrediction(confidence=0.040455747), 'Product_Infestation': LabelPrediction(confidence=0.027779551), 'Product_Ingridients': LabelPrediction(confidence=0.039260365), 'Product_Packging': LabelPrediction(confidence=0.024722323), 'Product_Quality': LabelPrediction(confidence=0.026863527), 'Product_Sensory': LabelPrediction(confidence=0.02901399), 'Promotion': LabelPrediction(confidence=0.06976337), 'Service': LabelPrediction(confidence=0.04699215)}>]",Price,Anthony
16,How to do payment You’ll only be delivered There is only online payment aaa,72.0,0,Query,Query,"[Classification<prediction: ""Brand"", confidence: 0.38757956, labels: {'Brand': LabelPrediction(confidence=0.38757956), 'People': LabelPrediction(confidence=0.07041827), 'Pricing': LabelPrediction(confidence=0.06510433), 'Product_Availability': LabelPrediction(confidence=0.039571665), 'Product_Foreign Body': LabelPrediction(confidence=0.022368548), 'Product_Generic': LabelPrediction(confidence=0.013209817), 'Product_Infestation': LabelPrediction(confidence=0.023128191), 'Product_Ingridients': LabelPrediction(confidence=0.050378423), 'Product_Packging': LabelPrediction(confidence=0.015639473), 'Product_Quality': LabelPrediction(confidence=0.013738105), 'Product_Sensory': LabelPrediction(confidence=0.017493488), 'Promotion': LabelPrediction(confidence=0.099233195), 'Service': LabelPrediction(confidence=0.18213694)}>]",Unavailablity / Shortage,Akbar
17,Is anyone available to chat?,22.0,0,Query,Query,"[Classification<prediction: ""Brand"", confidence: 0.38656598, labels: {'Brand': LabelPrediction(confidence=0.38656598), 'People': LabelPrediction(confidence=0.070505336), 'Pricing': LabelPrediction(confidence=0.04950498), 'Product_Availability': LabelPrediction(confidence=0.05553047), 'Product_Foreign Body': LabelPrediction(confidence=0.024957875), 'Product_Generic': LabelPrediction(confidence=0.013067491), 'Product_Infestation': LabelPrediction(confidence=0.025590511), 'Product_Ingridients': LabelPrediction(confidence=0.051290248), 'Product_Packging': LabelPrediction(confidence=0.016095467), 'Product_Quality': LabelPrediction(confidence=0.016171051), 'Product_Sensory': LabelPrediction(confidence=0.02109007), 'Promotion': LabelPrediction(confidence=0.056683395), 'Service': LabelPrediction(confidence=0.21294713)}>]",Collaboration With ITC,Vijay
18,I have a question. Can you help?,105.0,0,Query,Query,"[Classification<prediction: ""Product_Ingridients"", confidence: 0.2241455, labels: {'Brand': LabelPrediction(confidence=0.16101173), 'People': LabelPrediction(confidence=0.05362995), 'Pricing': LabelPrediction(confidence=0.077515), 'Product_Availability': LabelPrediction(confidence=0.07135127), 'Product_Foreign Body': LabelPrediction(confidence=0.040140986), 'Product_Generic': LabelPrediction(confidence=0.027697023), 'Product_Infestation': LabelPrediction(confidence=0.029299108), 'Product_Ingridients': LabelPrediction(confidence=0.2241455), 'Product_Packging': LabelPrediction(confidence=0.031668004), 'Product_Quality': LabelPrediction(confidence=0.031670507), 'Product_Sensory': LabelPrediction(confidence=0.039309245), 'Promotion': LabelPrediction(confidence=0.08300545), 'Service': LabelPrediction(confidence=0.12955624)}>]",Halal,Anthony
19,Customer is looking for the distributorship,2.0,0,Query,Query,"[Classification<prediction: ""People"", confidence: 0.43762434, labels: {'Brand': LabelPrediction(confidence=0.04957545), 'People': LabelPrediction(confidence=0.43762434), 'Pricing': LabelPrediction(confidence=0.04525206), 'Product_Availability': LabelPrediction(confidence=0.07202903), 'Product_Foreign Body': LabelPrediction(confidence=0.020966321), 'Product_Generic': LabelPrediction(confidence=0.027886448), 'Product_Infestation': LabelPrediction(confidence=0.03221414), 'Product_Ingridients': LabelPrediction(confidence=0.031106832), 'Product_Packging': LabelPrediction(confidence=0.039528094), 'Product_Quality': LabelPrediction(confidence=0.02570754), 'Product_Sensory': LabelPrediction(confidence=0.027724806), 'Promotion': LabelPrediction(confidence=0.07483004), 'Service': LabelPrediction(confidence=0.1155549)}>]",New Distributorship Request W / O Details,Rustom
20,Customer is looking for the supply of ITC products,43.0,0,Query,Query,"[Classification<prediction: ""Service"", confidence: 0.3515677, labels: {'Brand': LabelPrediction(confidence=0.14783251), 'People': LabelPrediction(confidence=0.15787634), 'Pricing': LabelPrediction(confidence=0.04848246), 'Product_Availability': LabelPrediction(confidence=0.07584929), 'Product_Foreign Body': LabelPrediction(confidence=0.025299355), 'Product_Generic': LabelPrediction(confidence=0.016183266), 'Product_Infestation': LabelPrediction(confidence=0.024952268), 'Product_Ingridients': LabelPrediction(confidence=0.041812655), 'Product_Packging': LabelPrediction(confidence=0.022972379), 'Product_Quality': LabelPrediction(confidence=0.0155044105), 'Product_Sensory': LabelPrediction(confidence=0.018887954), 'Promotion': LabelPrediction(confidence=0.05277945), 'Service': LabelPrediction(confidence=0.3515677)}>]",Wholesale / Bulk Order,Anthony
21,"And after the notebook's leaves are finished, throw the book for recycling♻. And hence u and ur mind too go for recycling...",67.0,1,Feedback,Complaint,"[Classification<prediction: ""Product_Packging"", confidence: 0.3712166, labels: {'Brand': LabelPrediction(confidence=0.026833156), 'People': LabelPrediction(confidence=0.07222964), 'Pricing': LabelPrediction(confidence=0.026042568), 'Product_Availability': LabelPrediction(confidence=0.04713233), 'Product_Foreign Body': LabelPrediction(confidence=0.03773083), 'Product_Generic': LabelPrediction(confidence=0.1661035), 'Product_Infestation': LabelPrediction(confidence=0.022541165), 'Product_Ingridients': LabelPrediction(confidence=0.043422945), 'Product_Packging': LabelPrediction(confidence=0.3712166), 'Product_Quality': LabelPrediction(confidence=0.059887063), 'Product_Sensory': LabelPrediction(confidence=0.033804994), 'Promotion': LabelPrediction(confidence=0.054146554), 'Service': LabelPrediction(confidence=0.03890866)}>]",Sells Expired Products,Anthony
22,Hi beautiful,22.0,1,Query,Collaboration,"[Classification<prediction: ""Brand"", confidence: 0.44277036, labels: {'Brand': LabelPrediction(confidence=0.44277036), 'People': LabelPrediction(confidence=0.051787194), 'Pricing': LabelPrediction(confidence=0.04341334), 'Product_Availability': LabelPrediction(confidence=0.043287463), 'Product_Foreign Body': LabelPrediction(confidence=0.036780935), 'Product_Generic': LabelPrediction(confidence=0.015282869), 'Product_Infestation': LabelPrediction(confidence=0.03292864), 'Product_Ingridients': LabelPrediction(confidence=0.06231032), 'Product_Packging': LabelPrediction(confidence=0.018906333), 'Product_Quality': LabelPrediction(confidence=0.023086665), 'Product_Sensory': LabelPrediction(confidence=0.030888941), 'Promotion': LabelPrediction(confidence=0.058764383), 'Service': LabelPrediction(confidence=0.13979256)}>]",Collaboration With ITC,Vijay
23,Can we get both side customized photo,23.0,0,Query,Query,"[Classification<prediction: ""Service"", confidence: 0.30297956, labels: {'Brand': LabelPrediction(confidence=0.25796363), 'People': LabelPrediction(confidence=0.09830186), 'Pricing': LabelPrediction(confidence=0.051283836), 'Product_Availability': LabelPrediction(confidence=0.06264569), 'Product_Foreign Body': LabelPrediction(confidence=0.026543813), 'Product_Generic': LabelPrediction(confidence=0.01583688), 'Product_Infestation': LabelPrediction(confidence=0.024855455), 'Product_Ingridients': LabelPrediction(confidence=0.04915635), 'Product_Packging': LabelPrediction(confidence=0.020757416), 'Product_Quality': LabelPrediction(confidence=0.01645394), 'Product_Sensory': LabelPrediction(confidence=0.020278657), 'Promotion': LabelPrediction(confidence=0.0529429), 'Service': LabelPrediction(confidence=0.30297956)}>]",Collaboration With ITC,Jose
24,Do u hv any chocolate Making session going on in ITC Bangalore,3.0,0,Query,Query,"[Classification<prediction: ""Service"", confidence: 0.18459599, labels: {'Brand': LabelPrediction(confidence=0.15353693), 'People': LabelPrediction(confidence=0.15582442), 'Pricing': LabelPrediction(confidence=0.04579751), 'Product_Availability': LabelPrediction(confidence=0.09570887), 'Product_Foreign Body': LabelPrediction(confidence=0.019354105), 'Product_Generic': LabelPrediction(confidence=0.015093953), 'Product_Infestation': LabelPrediction(confidence=0.02210552), 'Product_Ingridients': LabelPrediction(confidence=0.06913264), 'Product_Packging': LabelPrediction(confidence=0.027590208), 'Product_Quality': LabelPrediction(confidence=0.014061223), 'Product_Sensory': LabelPrediction(confidence=0.018224576), 'Promotion': LabelPrediction(confidence=0.17897406), 'Service': LabelPrediction(confidence=0.18459599)}>]",New Distributorship Request W / O Details,Anthony
25,This happens when you buy ghee from ashirwad and made ghee at home. Impurities difference is quite visible. @AashirvaadAtta @FCI_India https://t.co/HpRg7bgQXg,68.0,0,Complaint,Complaint,"[Classification<prediction: ""Product_Quality"", confidence: 0.21731, labels: {'Brand': LabelPrediction(confidence=0.018954135), 'People': LabelPrediction(confidence=0.013325365), 'Pricing': LabelPrediction(confidence=0.019016556), 'Product_Availability': LabelPrediction(confidence=0.023272432), 'Product_Foreign Body': LabelPrediction(confidence=0.21704791), 'Product_Generic': LabelPrediction(confidence=0.11661844), 'Product_Infestation': LabelPrediction(confidence=0.048336837), 'Product_Ingridients': LabelPrediction(confidence=0.059942633), 'Product_Packging': LabelPrediction(confidence=0.10560074), 'Product_Quality': LabelPrediction(confidence=0.21731), 'Product_Sensory': LabelPrediction(confidence=0.12535582), 'Promotion': LabelPrediction(confidence=0.020677924), 'Service': LabelPrediction(confidence=0.01454119)}>]",Quality Feedback,Vijay
26,I have a question. Can you help?,105.0,0,Query,Query,"[Classification<prediction: ""Product_Ingridients"", confidence: 0.2241455, labels: {'Brand': LabelPrediction(confidence=0.16101173), 'People': LabelPrediction(confidence=0.05362995), 'Pricing': LabelPrediction(confidence=0.077515), 'Product_Availability': LabelPrediction(confidence=0.07135127), 'Product_Foreign Body': LabelPrediction(confidence=0.040140986), 'Product_Generic': LabelPrediction(confidence=0.027697023), 'Product_Infestation': LabelPrediction(confidence=0.029299108), 'Product_Ingridients': LabelPrediction(confidence=0.2241455), 'Product_Packging': LabelPrediction(confidence=0.031668004), 'Product_Quality': LabelPrediction(confidence=0.031670507), 'Product_Sensory': LabelPrediction(confidence=0.039309245), 'Promotion': LabelPrediction(confidence=0.08300545), 'Service': LabelPrediction(confidence=0.12955624)}>]",Halal,Vijay
27,"Hello Sir/Maam, SHOUTT (Show Us The Talent) is the largest inter-collegiate festival Mumbai offers. Organised by the Social and Dramatic Union, the biggest and the most happening talent based committee of Jai Hind College, it promises to be an event to remember.We believe our college fest will be the perfect opportunity to promote & extend your brand awareness with the right target audience. We would like to acknowledge your expectations so that we can Hyper Personalise the proposal for you. Please give us a call or revert back so that we can come to a mutually beneficial deal. Regards, ADITYA DESAI 9769697258 Thank You.",22.0,0,Query,Query,"[Classification<prediction: ""Brand"", confidence: 0.548571, labels: {'Brand': LabelPrediction(confidence=0.548571), 'People': LabelPrediction(confidence=0.037414137), 'Pricing': LabelPrediction(confidence=0.036644198), 'Product_Availability': LabelPrediction(confidence=0.027575597), 'Product_Foreign Body': LabelPrediction(confidence=0.033120226), 'Product_Generic': LabelPrediction(confidence=0.01747713), 'Product_Infestation': LabelPrediction(confidence=0.034144998), 'Product_Ingridients': LabelPrediction(confidence=0.055125277), 'Product_Packging': LabelPrediction(confidence=0.018618109), 'Product_Quality': LabelPrediction(confidence=0.024524352), 'Product_Sensory': LabelPrediction(confidence=0.029806439), 'Promotion': LabelPrediction(confidence=0.060016725), 'Service': LabelPrediction(confidence=0.076961815)}>]",Collaboration With ITC,Akbar
28,"Dear Team ,   Customer requested for purchase of Aashirvaad Atta 1kg, 2Kg  1 or 2 Pack for personal use at home . Assisted her to check ITC E-store and customer agreed hence solving ticket .   Name : Bhujji  Location: Khamman   Regards,  Chaitra R",73.0,0,Query,Query,"[Classification<prediction: ""Service"", confidence: 0.35370404, labels: {'Brand': LabelPrediction(confidence=0.14851457), 'People': LabelPrediction(confidence=0.15292375), 'Pricing': LabelPrediction(confidence=0.0490424), 'Product_Availability': LabelPrediction(confidence=0.086407706), 'Product_Foreign Body': LabelPrediction(confidence=0.025126876), 'Product_Generic': LabelPrediction(confidence=0.015418231), 'Product_Infestation': LabelPrediction(confidence=0.025286872), 'Product_Ingridients': LabelPrediction(confidence=0.03885936), 'Product_Packging': LabelPrediction(confidence=0.02128204), 'Product_Quality': LabelPrediction(confidence=0.01521808), 'Product_Sensory': LabelPrediction(confidence=0.018765079), 'Promotion': LabelPrediction(confidence=0.049451016), 'Service': LabelPrediction(confidence=0.35370404)}>]",Unavailablity / Shortage,Akbar
29,Customer is looking for the distributorship,2.0,0,Query,Query,"[Classification<prediction: ""People"", confidence: 0.43762434, labels: {'Brand': LabelPrediction(confidence=0.04957545), 'People': LabelPrediction(confidence=0.43762434), 'Pricing': LabelPrediction(confidence=0.04525206), 'Product_Availability': LabelPrediction(confidence=0.07202903), 'Product_Foreign Body': LabelPrediction(confidence=0.020966321), 'Product_Generic': LabelPrediction(confidence=0.027886448), 'Product_Infestation': LabelPrediction(confidence=0.03221414), 'Product_Ingridients': LabelPrediction(confidence=0.031106832), 'Product_Packging': LabelPrediction(confidence=0.039528094), 'Product_Quality': LabelPrediction(confidence=0.02570754), 'Product_Sensory': LabelPrediction(confidence=0.027724806), 'Promotion': LabelPrediction(confidence=0.07483004), 'Service': LabelPrediction(confidence=0.1155549)}>]",New Distributorship Request W / O Details,Rustom
30,"As per telephonic conversation retailer is not getting supply from past 2 months, salesman left the job and he dosnt have distributor number",2.0,0,Complaint,Complaint,"[Classification<prediction: ""People"", confidence: 0.44436228, labels: {'Brand': LabelPrediction(confidence=0.0496734), 'People': LabelPrediction(confidence=0.44436228), 'Pricing': LabelPrediction(confidence=0.041177124), 'Product_Availability': LabelPrediction(confidence=0.07871495), 'Product_Foreign Body': LabelPrediction(confidence=0.020634454), 'Product_Generic': LabelPrediction(confidence=0.026856348), 'Product_Infestation': LabelPrediction(confidence=0.031699844), 'Product_Ingridients': LabelPrediction(confidence=0.030012835), 'Product_Packging': LabelPrediction(confidence=0.038559847), 'Product_Quality': LabelPrediction(confidence=0.025300384), 'Product_Sensory': LabelPrediction(confidence=0.027886081), 'Promotion': LabelPrediction(confidence=0.066100135), 'Service': LabelPrediction(confidence=0.11902232)}>]",Distributor not Supplying on time,Rustom
31,How .any days for delivery if ordered today???,73.0,0,Query,Query,"[Classification<prediction: ""Service"", confidence: 0.34836537, labels: {'Brand': LabelPrediction(confidence=0.14030837), 'People': LabelPrediction(confidence=0.12048782), 'Pricing': LabelPrediction(confidence=0.07712822), 'Product_Availability': LabelPrediction(confidence=0.090845644), 'Product_Foreign Body': LabelPrediction(confidence=0.024929738), 'Product_Generic': LabelPrediction(confidence=0.017022576), 'Product_Infestation': LabelPrediction(confidence=0.023560962), 'Product_Ingridients': LabelPrediction(confidence=0.045854937), 'Product_Packging': LabelPrediction(confidence=0.022304798), 'Product_Quality': LabelPrediction(confidence=0.014724773), 'Product_Sensory': LabelPrediction(confidence=0.018196754), 'Promotion': LabelPrediction(confidence=0.056270048), 'Service': LabelPrediction(confidence=0.34836537)}>]",Unavailablity / Shortage,Akbar
32,"Hi good morning
Need a appointment with sales team I'm in ghanna now coming to India this month will confirm dates",23.0,0,Query,Query,"[Classification<prediction: ""Service"", confidence: 0.2840742, labels: {'Brand': LabelPrediction(confidence=0.24801546), 'People': LabelPrediction(confidence=0.16631196), 'Pricing': LabelPrediction(confidence=0.04274874), 'Product_Availability': LabelPrediction(confidence=0.05147336), 'Product_Foreign Body': LabelPrediction(confidence=0.021849992), 'Product_Generic': LabelPrediction(confidence=0.013583276), 'Product_Infestation': LabelPrediction(confidence=0.023981588), 'Product_Ingridients': LabelPrediction(confidence=0.0368677), 'Product_Packging': LabelPrediction(confidence=0.01788827), 'Product_Quality': LabelPrediction(confidence=0.014971546), 'Product_Sensory': LabelPrediction(confidence=0.018437525), 'Promotion': LabelPrediction(confidence=0.059796367), 'Service': LabelPrediction(confidence=0.2840742)}>]",Collaboration With ITC,Rustom
33,"I am a food blogger featuring lko and had worked with many brads like 24X7 burger, Capoor & Sons, Neelkanth and a lot more kindly check my page @creatingfoodz if you are interested in promotions as well.",22.0,0,Query,Query,"[Classification<prediction: ""Brand"", confidence: 0.5532474, labels: {'Brand': LabelPrediction(confidence=0.5532474), 'People': LabelPrediction(confidence=0.038593814), 'Pricing': LabelPrediction(confidence=0.036980543), 'Product_Availability': LabelPrediction(confidence=0.027059222), 'Product_Foreign Body': LabelPrediction(confidence=0.030065006), 'Product_Generic': LabelPrediction(confidence=0.016683886), 'Product_Infestation': LabelPrediction(confidence=0.031830635), 'Product_Ingridients': LabelPrediction(confidence=0.05378686), 'Product_Packging': LabelPrediction(confidence=0.018083869), 'Product_Quality': LabelPrediction(confidence=0.023293328), 'Product_Sensory': LabelPrediction(confidence=0.028680112), 'Promotion': LabelPrediction(confidence=0.06257273), 'Service': LabelPrediction(confidence=0.079122595)}>]",Collaboration With ITC,Rustom
34,"This is to complain about the late delivery of my above order on Sept. 24th. By 3-4 hours!  I was in contact with Mr. Anish/Takeaway about this from Sept. 18th, and confirmed my requirement on the 21st evening. Pre-payment was completed 22nd evening, and final details agreed 23rd morning, for delivery to my residence 24th afternoon 3-4pm. However, on not receiving any update from you till 4:30pm on the 24th, I had to start ignoring our guests and chasing you, first Mr. Anish (who seemed to be off-duty and completely unaware of my order's status), and then desperately through your other phone Nos.  The cake, Raan, etc. finally arrived at 7pm!! By which time most of our guests, children and parents had already left our birthday party. As a result, a part of the cake is still in our fridge, unfinished.  Apologies were received by WhatsApp, and a card/box of chocolates with the delivery. Little consolation for the embarrassment our family went through, and are still feeling. After waiting a week for some further sign of regret from you (which has not come), I am hereby registering my formal complaint.   Late Sh. YC Deveshwar and I are alumni of the same institution (IIT-Delhi, he was senior to me). My family and I have loyalty to your group, my wedding events were held at ITC Maurya-Delhi in 1982, and over the decades we’ve regularly ordered from Fabelle, Bukhara and Peshawri in New Delhi, Chennai and Mumbai. However, after this last bad experience I wonder if we can rely on you again. Clearly my (pre-paid) order in your system was completely forgotten, and only began being processed after I followed-up on the 24th late afternoon!  A further issue is your charging Delivery Charges extra this time, which was earlier always included in bill amounts over 4-5k.  Therefore I expect you to immediately reverse your cake Invoice of Rs. 3,900/-, and Delivery Charges 500/-, and credit me Rs. 4,400/- against my next order, if you want me, my family and friends to continue feeling our old relationship with you. Otherwise I will circulate details of this shameful episode to your corporate offices, etc.  Kindly let me have your response today.  Regards.  Ismail Sait 2/294 Manthopu Salai, Uthandi, East Coast Road, Chennai-600119 (TN) Cell : +91-91766 27180 E-Mail : mailissait@gmail.com",2.0,0,Complaint,Complaint,"[Classification<prediction: ""People"", confidence: 0.33235726, labels: {'Brand': LabelPrediction(confidence=0.084391035), 'People': LabelPrediction(confidence=0.33235726), 'Pricing': LabelPrediction(confidence=0.04600203), 'Product_Availability': LabelPrediction(confidence=0.07466715), 'Product_Foreign Body': LabelPrediction(confidence=0.019258766), 'Product_Generic': LabelPrediction(confidence=0.024838967), 'Product_Infestation': LabelPrediction(confidence=0.021509517), 'Product_Ingridients': LabelPrediction(confidence=0.028091133), 'Product_Packging': LabelPrediction(confidence=0.0357316), 'Product_Quality': LabelPrediction(confidence=0.019953288), 'Product_Sensory': LabelPrediction(confidence=0.020223144), 'Promotion': LabelPrediction(confidence=0.05765664), 'Service': LabelPrediction(confidence=0.23531947)}>]",Distributor not Supplying on time,Vikram
35,The customer called us and requested for the distributorship of Aashirvaad Svasti Milk.,2.0,0,Query,Query,"[Classification<prediction: ""People"", confidence: 0.4430582, labels: {'Brand': LabelPrediction(confidence=0.04946337), 'People': LabelPrediction(confidence=0.4430582), 'Pricing': LabelPrediction(confidence=0.042157523), 'Product_Availability': LabelPrediction(confidence=0.071650244), 'Product_Foreign Body': LabelPrediction(confidence=0.021620378), 'Product_Generic': LabelPrediction(confidence=0.027481783), 'Product_Infestation': LabelPrediction(confidence=0.033028435), 'Product_Ingridients': LabelPrediction(confidence=0.030475691), 'Product_Packging': LabelPrediction(confidence=0.03882459), 'Product_Quality': LabelPrediction(confidence=0.026355218), 'Product_Sensory': LabelPrediction(confidence=0.028542459), 'Promotion': LabelPrediction(confidence=0.06874151), 'Service': LabelPrediction(confidence=0.1186006)}>]",New Distributorship Request W / O Details,Rustom
36,"Retailer called and mention that, the customers are complaining for more salt in Bingo Potato Chips Salt Sprinkled. He requested for improvement",55.0,0,Complaint,Complaint,"[Classification<prediction: ""Product_Ingridients"", confidence: 0.23517156, labels: {'Brand': LabelPrediction(confidence=0.091127336), 'People': LabelPrediction(confidence=0.03291663), 'Pricing': LabelPrediction(confidence=0.048441723), 'Product_Availability': LabelPrediction(confidence=0.059484277), 'Product_Foreign Body': LabelPrediction(confidence=0.046872165), 'Product_Generic': LabelPrediction(confidence=0.031763617), 'Product_Infestation': LabelPrediction(confidence=0.0360632), 'Product_Ingridients': LabelPrediction(confidence=0.23517156), 'Product_Packging': LabelPrediction(confidence=0.030522054), 'Product_Quality': LabelPrediction(confidence=0.09384802), 'Product_Sensory': LabelPrediction(confidence=0.18955672), 'Promotion': LabelPrediction(confidence=0.055839736), 'Service': LabelPrediction(confidence=0.048392963)}>]",Taste / Flavour,Vikram
37,As per the telephonic conversation the customer had bought 5 KGs of Aashirvaad Select Sharbati Atta. When he opened the packet he found worms in Atta. He will share the image of the product details via Whatsapp by today.,80.0,0,Complaint,Complaint,"[Classification<prediction: ""Product_Infestation"", confidence: 0.6163245, labels: {'Brand': LabelPrediction(confidence=0.022509709), 'People': LabelPrediction(confidence=0.019139068), 'Pricing': LabelPrediction(confidence=0.020635517), 'Product_Availability': LabelPrediction(confidence=0.020245422), 'Product_Foreign Body': LabelPrediction(confidence=0.12291147), 'Product_Generic': LabelPrediction(confidence=0.025813762), 'Product_Infestation': LabelPrediction(confidence=0.6163245), 'Product_Ingridients': LabelPrediction(confidence=0.024013566), 'Product_Packging': LabelPrediction(confidence=0.023122253), 'Product_Quality': LabelPrediction(confidence=0.03259617), 'Product_Sensory': LabelPrediction(confidence=0.03301217), 'Promotion': LabelPrediction(confidence=0.021186393), 'Service': LabelPrediction(confidence=0.018490031)}>]",Worms,Rustom
38,customer called us requesting for supply of all ITC products to his shop,43.0,0,Query,Query,"[Classification<prediction: ""Service"", confidence: 0.35164997, labels: {'Brand': LabelPrediction(confidence=0.1502249), 'People': LabelPrediction(confidence=0.15485807), 'Pricing': LabelPrediction(confidence=0.050164483), 'Product_Availability': LabelPrediction(confidence=0.074014165), 'Product_Foreign Body': LabelPrediction(confidence=0.02532877), 'Product_Generic': LabelPrediction(confidence=0.016483251), 'Product_Infestation': LabelPrediction(confidence=0.025186542), 'Product_Ingridients': LabelPrediction(confidence=0.04128632), 'Product_Packging': LabelPrediction(confidence=0.022623248), 'Product_Quality': LabelPrediction(confidence=0.015772782), 'Product_Sensory': LabelPrediction(confidence=0.019139823), 'Promotion': LabelPrediction(confidence=0.053267684), 'Service': LabelPrediction(confidence=0.35164997)}>]",Wholesale / Bulk Order,Anthony
39,"Dear sir, I am from siwan. bihar. Have you any vacancy for distributorship in siwan or gopalganj.",2.0,0,Query,Query,"[Classification<prediction: ""People"", confidence: 0.4400649, labels: {'Brand': LabelPrediction(confidence=0.050412145), 'People': LabelPrediction(confidence=0.4400649), 'Pricing': LabelPrediction(confidence=0.043580435), 'Product_Availability': LabelPrediction(confidence=0.067251205), 'Product_Foreign Body': LabelPrediction(confidence=0.0213284), 'Product_Generic': LabelPrediction(confidence=0.029172119), 'Product_Infestation': LabelPrediction(confidence=0.032156073), 'Product_Ingridients': LabelPrediction(confidence=0.031057656), 'Product_Packging': LabelPrediction(confidence=0.041009538), 'Product_Quality': LabelPrediction(confidence=0.026890535), 'Product_Sensory': LabelPrediction(confidence=0.028538635), 'Promotion': LabelPrediction(confidence=0.077271976), 'Service': LabelPrediction(confidence=0.111266375)}>]",New Distributorship Request W / O Details,Anthony
40,The Retailer called us and requested for the Supply of Aashirvaad Atta,43.0,0,Query,Query,"[Classification<prediction: ""Service"", confidence: 0.3533527, labels: {'Brand': LabelPrediction(confidence=0.1374034), 'People': LabelPrediction(confidence=0.16899922), 'Pricing': LabelPrediction(confidence=0.050178025), 'Product_Availability': LabelPrediction(confidence=0.075184196), 'Product_Foreign Body': LabelPrediction(confidence=0.024203068), 'Product_Generic': LabelPrediction(confidence=0.01641601), 'Product_Infestation': LabelPrediction(confidence=0.024110783), 'Product_Ingridients': LabelPrediction(confidence=0.039907962), 'Product_Packging': LabelPrediction(confidence=0.023131672), 'Product_Quality': LabelPrediction(confidence=0.015278318), 'Product_Sensory': LabelPrediction(confidence=0.018371673), 'Promotion': LabelPrediction(confidence=0.053462982), 'Service': LabelPrediction(confidence=0.3533527)}>]",Wholesale / Bulk Order,Akbar
41,Customer wants to get supply of Homelite matchbox for his shop.,43.0,0,Query,Query,"[Classification<prediction: ""Service"", confidence: 0.34568134, labels: {'Brand': LabelPrediction(confidence=0.14125958), 'People': LabelPrediction(confidence=0.17999876), 'Pricing': LabelPrediction(confidence=0.048304014), 'Product_Availability': LabelPrediction(confidence=0.07075393), 'Product_Foreign Body': LabelPrediction(confidence=0.023568826), 'Product_Generic': LabelPrediction(confidence=0.01622522), 'Product_Infestation': LabelPrediction(confidence=0.02416413), 'Product_Ingridients': LabelPrediction(confidence=0.038752314), 'Product_Packging': LabelPrediction(confidence=0.022639433), 'Product_Quality': LabelPrediction(confidence=0.015342213), 'Product_Sensory': LabelPrediction(confidence=0.018466493), 'Promotion': LabelPrediction(confidence=0.05484376), 'Service': LabelPrediction(confidence=0.34568134)}>]",Wholesale / Bulk Order,Rustom
42,"hello can i ask, Do you have distributer of ur products here in davao city?",2.0,0,Query,Query,"[Classification<prediction: ""People"", confidence: 0.42500618, labels: {'Brand': LabelPrediction(confidence=0.06511531), 'People': LabelPrediction(confidence=0.42500618), 'Pricing': LabelPrediction(confidence=0.040595204), 'Product_Availability': LabelPrediction(confidence=0.06874077), 'Product_Foreign Body': LabelPrediction(confidence=0.019465344), 'Product_Generic': LabelPrediction(confidence=0.02184495), 'Product_Infestation': LabelPrediction(confidence=0.027232714), 'Product_Ingridients': LabelPrediction(confidence=0.029587917), 'Product_Packging': LabelPrediction(confidence=0.030878237), 'Product_Quality': LabelPrediction(confidence=0.02100616), 'Product_Sensory': LabelPrediction(confidence=0.023431677), 'Promotion': LabelPrediction(confidence=0.06215116), 'Service': LabelPrediction(confidence=0.16494438)}>]",New Distributorship Request W / O Details,Vijay
43,"Consumer called & complained saying the Aashirvaad Whole Wheat Atta which he bought every time from near by store is not like the regular one. He assumes it to be a Maida mix as the chapattis made of it are dry and hard to eat, whitish in color & too stretchy.",55.0,0,Complaint,Complaint,"[Classification<prediction: ""Product_Sensory"", confidence: 0.38468394, labels: {'Brand': LabelPrediction(confidence=0.02329698), 'People': LabelPrediction(confidence=0.021866057), 'Pricing': LabelPrediction(confidence=0.02183707), 'Product_Availability': LabelPrediction(confidence=0.030163256), 'Product_Foreign Body': LabelPrediction(confidence=0.028673267), 'Product_Generic': LabelPrediction(confidence=0.050884314), 'Product_Infestation': LabelPrediction(confidence=0.024645556), 'Product_Ingridients': LabelPrediction(confidence=0.04067664), 'Product_Packging': LabelPrediction(confidence=0.028640803), 'Product_Quality': LabelPrediction(confidence=0.30818474), 'Product_Sensory': LabelPrediction(confidence=0.38468394), 'Promotion': LabelPrediction(confidence=0.018806662), 'Service': LabelPrediction(confidence=0.01764071)}>]",Taste / Flavour,Amar
44,The Retailer called us and requested for the Supply of all ITC Food Products,43.0,0,Query,Query,"[Classification<prediction: ""Service"", confidence: 0.34934592, labels: {'Brand': LabelPrediction(confidence=0.13969785), 'People': LabelPrediction(confidence=0.1754951), 'Pricing': LabelPrediction(confidence=0.048370976), 'Product_Availability': LabelPrediction(confidence=0.0736763), 'Product_Foreign Body': LabelPrediction(confidence=0.023713829), 'Product_Generic': LabelPrediction(confidence=0.016268542), 'Product_Infestation': LabelPrediction(confidence=0.023955964), 'Product_Ingridients': LabelPrediction(confidence=0.039485443), 'Product_Packging': LabelPrediction(confidence=0.023119776), 'Product_Quality': LabelPrediction(confidence=0.015186122), 'Product_Sensory': LabelPrediction(confidence=0.018272895), 'Promotion': LabelPrediction(confidence=0.05341128), 'Service': LabelPrediction(confidence=0.34934592)}>]",Wholesale / Bulk Order,Anthony
45,Customer called and enquired about wheat (bhusi) related he wants to buy wheat wastage.,72.0,0,Query,Query,"[Classification<prediction: ""People"", confidence: 0.21417685, labels: {'Brand': LabelPrediction(confidence=0.06386171), 'People': LabelPrediction(confidence=0.21417685), 'Pricing': LabelPrediction(confidence=0.052939545), 'Product_Availability': LabelPrediction(confidence=0.044768997), 'Product_Foreign Body': LabelPrediction(confidence=0.027152494), 'Product_Generic': LabelPrediction(confidence=0.12450956), 'Product_Infestation': LabelPrediction(confidence=0.024991741), 'Product_Ingridients': LabelPrediction(confidence=0.042288426), 'Product_Packging': LabelPrediction(confidence=0.08684439), 'Product_Quality': LabelPrediction(confidence=0.051750872), 'Product_Sensory': LabelPrediction(confidence=0.038781155), 'Promotion': LabelPrediction(confidence=0.082435936), 'Service': LabelPrediction(confidence=0.14549832)}>]",Quantity Reduced,Anthony
46,"I want to start the distribution in thane area (thane, mira road, kalyan , diva etc)",2.0,0,Query,Query,"[Classification<prediction: ""People"", confidence: 0.43433514, labels: {'Brand': LabelPrediction(confidence=0.054385558), 'People': LabelPrediction(confidence=0.43433514), 'Pricing': LabelPrediction(confidence=0.040160153), 'Product_Availability': LabelPrediction(confidence=0.07500651), 'Product_Foreign Body': LabelPrediction(confidence=0.018278264), 'Product_Generic': LabelPrediction(confidence=0.023073798), 'Product_Infestation': LabelPrediction(confidence=0.024827516), 'Product_Ingridients': LabelPrediction(confidence=0.0285092), 'Product_Packging': LabelPrediction(confidence=0.034511764), 'Product_Quality': LabelPrediction(confidence=0.019896097), 'Product_Sensory': LabelPrediction(confidence=0.021835497), 'Promotion': LabelPrediction(confidence=0.0697178), 'Service': LabelPrediction(confidence=0.15546268)}>]",New Distributorship Request W / O Details,Vijay
